id,title,intro,poster,pubdate,url,rating,genres,star,comment,tags,star_time,card
35693512,绝境盟约,,https://dou.img.lithub.cc/movie/35693512.jpg,2023-09-09(威尼斯电影节),https://movie.douban.com/subject/35693512/,7.6,"剧情,惊悚,历史",3,过好当下每一刻，不知道明天跟意外到底哪个先到来。,,2024-03-03 13:00:26,2023 / 西班牙 智利 乌拉圭 美国 / 剧情 惊悚 历史 冒险 / J·A·巴亚纳 / 恩佐·沃格里西奇 奥古斯汀·帕德拉
36151692,周处除三害,,https://dou.img.lithub.cc/movie/36151692.jpg,2024-03-01(中国大陆),https://movie.douban.com/subject/36151692/,8.4,"动作,犯罪",4,没见大家推荐得那么好看，本想给三星，多一星给阮经天表演。,,2024-03-02 10:52:01,2023 / 中国台湾 / 动作 犯罪 / 黄精甫 / 阮经天 袁富华
36212386,目中无人2,,https://dou.img.lithub.cc/movie/36212386.jpg,2024-02-10(中国大陆网络),https://movie.douban.com/subject/36212386/,7.2,"动作,武侠,古装",3,故事虽然一般，但打斗场景比很多电影爽很多，刀刀见血拳拳见肉。喜欢里面的各种空镜头。,,2024-02-29 11:30:52,2024 / 中国大陆 / 动作 武侠 古装 / 杨秉佳 / 谢苗 杨恩又
36140095,新闻女王,,https://dou.img.lithub.cc/movie/36140095.jpg,2023-11-17(中国大陆),https://movie.douban.com/subject/36140095/,7.8,剧情,4,很多年没看过港剧了，现在看了十集，我这三八的心就喜欢这种宫斗，至于新闻合不合理不重要。,,2024-02-23 13:23:11,2023 / 中国香港 中国大陆 / 剧情 / 陈海斌 姜振杰 / 佘诗曼 马国明
26769592,非诚勿扰3,,https://dou.img.lithub.cc/movie/26769592.jpg,2023-12-30(中国大陆),https://movie.douban.com/subject/26769592/,5.4,"喜剧,爱情,科幻",3,没想到第一部是 2008 年上映，一晃过去了这么多年。虽然这部的故事很一般，也基本上是闪回联动，但舒淇漂亮呀。喜欢里面的场景颜色。,,2024-02-21 11:22:11,2023 / 中国大陆 / 喜剧 爱情 科幻 / 冯小刚 / 葛优 舒淇
36369452,飞驰人生2,,https://dou.img.lithub.cc/movie/36369452.jpg,2024-02-10(中国大陆),https://movie.douban.com/subject/36369452/,7.9,"剧情,喜剧,运动",5,前半段笑岔气，后半段热血沸腾，爽。中年人的不甘，自己也得加油。,,2024-02-14 15:38:07,2024 / 中国大陆 / 剧情 喜剧 运动 / 韩寒 / 沈腾 范丞丞
36081094,热辣滚烫,,https://dou.img.lithub.cc/movie/36081094.jpg,2024-02-10(中国大陆),https://movie.douban.com/subject/36081094/,8,"剧情,喜剧",5,去年自己减肥没成功，后期没坚持住。贾玲太有毅力了，佩服。只要自己做成一件事，大家都会对你刮目相看。,,2024-02-17 12:13:00,2024 / 中国大陆 / 剧情 喜剧 / 贾玲 / 贾玲 雷佳音
25782720,GT赛车：极速狂飙,,https://dou.img.lithub.cc/movie/25782720.jpg,2023-09-01(中国大陆),https://movie.douban.com/subject/25782720/,7.1,"剧情,动作,冒险",3,故事很套路，但赛车开起来就是很燃、很刺激。,,2024-02-18 10:10:22,2023 / 美国 日本 / 剧情 动作 冒险 运动 / 尼尔·布洛姆坎普 / 大卫·哈伯 奥兰多·布鲁姆
35712804,首尔之春,,https://dou.img.lithub.cc/movie/35712804.jpg,2023-11-22(韩国),https://movie.douban.com/subject/35712804/,8.8,剧情,4,胜者为王败者为寇,,2024-02-16 14:42:34,2023 / 韩国 / 剧情 / 金成洙 / 黄政民 郑雨盛
35208463,三大队,,https://dou.img.lithub.cc/movie/35208463.jpg,2023-12-15(中国大陆),https://movie.douban.com/subject/35208463/,7.8,"剧情,犯罪",4,自己不适合看这类型片子，过程太压抑了。,,2024-02-04 00:08:54,2023 / 中国大陆 / 剧情 犯罪 / 戴墨 / 张译 李晨
35321446,大江大河之岁月如歌,,https://dou.img.lithub.cc/movie/35321446.jpg,2024-01-08(中国大陆),https://movie.douban.com/subject/35321446/,8.3,剧情,3,感觉第一第二部更有戏剧冲突，观感更好。这部宋运辉的作用似乎很小，雷东宝出轨要孩子的戏份，感觉不符合他一直以来的角色动机~,,2024-02-01 13:20:46,2024 / 中国大陆 / 剧情 / 孔笙 孙墨龙 刘洪源 / 王凯 杨烁
30444942,海王2：失落的王国,,https://dou.img.lithub.cc/movie/30444942.jpg,2023-12-20(中国大陆),https://movie.douban.com/subject/30444942/,6.5,"动作,科幻,奇幻",3,谈不上好看，流水线作品。当第一场戏海王骑着类似于海马座驾出场时，卧槽了一声，这特效也太敷衍了。,,2024-01-25 23:25:29,2023 / 美国 / 动作 科幻 奇幻 冒险 / 温子仁 / 杰森·莫玛 帕特里克·威尔森
34874646,繁花,,https://dou.img.lithub.cc/movie/34874646.jpg,2023-12-27(中国大陆),https://movie.douban.com/subject/34874646/,8.4,"剧情,爱情",4,喜欢里面的各种镜头视觉呈现，剧情嘛，从汪小姐开始辞职创业就不喜欢了。,,2024-01-13 10:40:11,2023 / 中国大陆 / 剧情 爱情 / 王家卫 / 胡歌 马伊琍
35991840,死期将至,,https://dou.img.lithub.cc/movie/35991840.jpg,2023-12-15(韩国),https://movie.douban.com/subject/35991840/,8.6,"悬疑,奇幻",3,韩国人真会玩有想法，刨除概念，还是在讲现在的贫富差距。,,2024-01-08 13:19:42,2023 / 韩国 / 悬疑 奇幻 / 河炳勋 / 徐仁国 朴素丹
36067160,万神殿 第二季,,https://dou.img.lithub.cc/movie/36067160.jpg,2023-10-15(美国),https://movie.douban.com/subject/36067160/,9.1,"剧情,动作,科幻",5,我们果然是 N 多测试场景中的其中一个实验。你怎么知道我们不是一个玻璃球或是一粒尘埃。,,2024-01-04 09:30:39,2023 / 美国 / 剧情 动作 科幻 动画 / 凯蒂·张 保罗·达诺
34990593,万神殿 第一季,,https://dou.img.lithub.cc/movie/34990593.jpg,2022-09-01(美国),https://movie.douban.com/subject/34990593/,8.8,"剧情,科幻,动画",5,因为字幕的原因，到现在才得以观看。无用的躯体总有一天会淘汰。,,2024-01-02 09:21:15,2022 / 美国 / 剧情 科幻 动画 / 梅尔基奥尔·祖耶  / 凯蒂·张 保罗·达诺
35725869,年会不能停！,,https://dou.img.lithub.cc/movie/35725869.jpg,2023-12-29(中国大陆),https://movie.douban.com/subject/35725869/,8.1,"剧情,喜剧",4,有段时间没进电影院了，难得跟闺女一起看。剧情虽然很荒诞，但确实是打工人的心声。,,2024-01-02 09:15:53,2023 / 中国大陆 / 剧情 喜剧 / 董润年 / 大鹏 白客
35932858,拾荒者统治,,https://dou.img.lithub.cc/movie/35932858.jpg,2023-10-19(美国),https://movie.douban.com/subject/35932858/,9.3,"剧情,科幻,动画",5,只是在想，这些画面的脑洞制作团队都是怎么想出来的，牛逼。,,2023-12-11 10:26:22,2023 / 美国 / 剧情 科幻 动画 冒险 / 约瑟夫·本奈特 查尔斯·胡特纳 文森特·徐 雷切尔·里德 克里斯汀·洁恩·申 迭戈·波拉尔 乔纳森·德乔布·恩孔多 / 苏妮特·玛尼 乌米·马萨库
35244032,洛基 第二季,,https://dou.img.lithub.cc/movie/35244032.jpg,2023-10-05(美国),https://movie.douban.com/subject/35244032/,8.9,"科幻,奇幻",5,最后一集很多地方没看太懂，得去补下解说才行。,,2023-11-12 12:05:27,2023 / 美国 / 科幻 奇幻 / 贾斯汀·本森 艾伦·穆尔黑德 / 汤姆·希德勒斯顿 索菲娅·迪·马蒂诺
35725842,繁城之下,,https://dou.img.lithub.cc/movie/35725842.jpg,2023-10-13(中国大陆),https://movie.douban.com/subject/35725842/,8.5,"悬疑,犯罪,古装",4,说不上来，你说特别好看嘛，也没有，说一般嘛，但还是值得推荐的,,2023-11-12 11:58:40,2023 / 中国大陆 / 悬疑 犯罪 古装 / 王铮 / 白宇帆 宁理
35936087,鹊刀门传奇,,https://dou.img.lithub.cc/movie/35936087.jpg,2023-08-18(中国大陆),https://movie.douban.com/subject/35936087/,8.1,"剧情,喜剧,动作",3,当背景音或者干家务活的时候放着，还是蛮有意思的。很久没见赵本山在银幕上出现了。压力给到了郭家～,,2023-09-08 11:16:25,2023 / 中国大陆 / 剧情 喜剧 动作 武侠 古装 / 唐铁军 吴迪 / 赵本山 宋小宝
35593344,奥本海默,,https://dou.img.lithub.cc/movie/35593344.jpg,2023-08-30(中国大陆),https://movie.douban.com/subject/35593344/,8.8,"剧情,传记,历史",4,对于了解那段历史的观影者来说，应该看着很爽。对于自己这种历史白痴来说，看着只是戏剧张力，各个出场人物除了爱因斯坦听过，其他也看不懂谁跟谁～,,2023-08-31 17:41:00,2023 / 美国 英国 / 剧情 传记 历史 / 克里斯托弗·诺兰 / 基里安·墨菲 艾米莉·布朗特
35653205,人生路不熟,,https://dou.img.lithub.cc/movie/35653205.jpg,2023-04-28(中国大陆),https://movie.douban.com/subject/35653205/,5.8,"剧情,喜剧",3,越到后面越扯，不过周东海在女儿的婚礼现场这场戏太有代入感，忍不住也流泪。会想到自己闺女~,,2023-08-30 15:17:47,2023 / 中国大陆 / 剧情 喜剧 / 易小星 / 乔杉 范丞丞
34882958,巨齿鲨2：深渊,,https://dou.img.lithub.cc/movie/34882958.jpg,2023-08-04(美国/中国大陆),https://movie.douban.com/subject/34882958/,5.4,"动作,科幻,冒险",3,就是冲看大鲨鱼去的，所以故事情节呀人物逻辑什么的也无所谓。利用直升机螺旋桨插入鲨鱼嘴里还是挺猛的～,,2023-08-26 16:49:12,2023 / 美国 中国大陆 / 动作 科幻 冒险 / 本·维特利  / 杰森·斯坦森 吴京
26962981,欢乐好声音2,,https://dou.img.lithub.cc/movie/26962981.jpg,2021-12-22(美国),https://movie.douban.com/subject/26962981/,7,"喜剧,动画,歌舞",4,闺女在看，后半段跟着一起看了下。歌曲是真好听，包括舞台的设计太唯美，动画形式最大的好处就是可以天马行空。,,2023-08-21 10:11:38,2021 / 美国 / 喜剧 动画 歌舞 冒险 / 加斯·詹宁斯 / 马修·麦康纳 瑞茜·威瑟斯彭
36137261,劫机七小时,,https://dou.img.lithub.cc/movie/36137261.jpg,2023-06-28(英国),https://movie.douban.com/subject/36137261/,7.5,"剧情,惊悚",3,前半部分紧张刺激，越看越想看。但到了后半部分，这都啥。结尾就更离谱～,,2023-08-21 10:07:07,2023 / 英国 / 剧情 惊悚 / 吉姆·费尔德·史密斯 / 伊德里斯·艾尔巴 雅奇·潘嘉比
35468737,美猴王,,https://dou.img.lithub.cc/movie/35468737.jpg,2023-07-30(纽约亚洲电影节),https://movie.douban.com/subject/35468737/,0,"喜剧,动作,动画",4,跟闺女一起看，剧情还是蛮搞笑的。金箍棒有意识设定挺好。整个片子的画面美术喜欢，虽然有些人物画风有点丑画，但整体非常喜欢。,,2023-08-19 11:13:56,2023 / 中国大陆 中国香港 美国 / 喜剧 动作 动画 奇幻 冒险 / 安东尼·斯塔基 / 欧阳万成 杨伯文
35274674,谍之心,,https://dou.img.lithub.cc/movie/35274674.jpg,2023-08-11(美国网络),https://movie.douban.com/subject/35274674/,6.1,"动作,惊悚,犯罪",3,单纯为了看神奇女侠加朵的，但片子没把加朵的美展现出来，反而有几个镜头觉得加朵老了，哎，时间呀～,,2023-08-15 09:54:45,2023 / 美国 / 动作 惊悚 犯罪 / 汤姆·哈伯 / 盖尔·加朵 詹米·多南
30331432,洛基 第一季,,https://dou.img.lithub.cc/movie/30331432.jpg,2021-06-09(美国),https://movie.douban.com/subject/30331432/,8.5,"动作,科幻,奇幻",4,除了特效一般之外，很喜欢这个“坏坏”的洛基。终究自己最喜欢的事物就是喜欢另一个自己。,,2023-08-12 19:30:51,2021 / 美国 / 动作 科幻 奇幻 冒险 / 凯特·赫伦 / 汤姆·希德勒斯顿 索菲娅·迪·马蒂诺
35634067,D.P：逃兵追缉令 第二季,,https://dou.img.lithub.cc/movie/p2895530496.webp,2023-07-28(韩国),https://movie.douban.com/subject/35634067/,8.6,"剧情,动作,犯罪",4,有个短评写得很好：“看完这剧，这帮军人能上场打仗？”是呀，军队这样了，真到战时战友间怎么配合。只能说思密达也确实敢拍。,,2023-08-05 23:52:30,2023 / 韩国 / 剧情 动作 犯罪 / 韩俊熙 / 丁海寅 具教焕
35372742,无名,,https://dou.img.lithub.cc/movie/p2885904020.webp,2023-01-22(中国大陆),https://movie.douban.com/subject/35372742/,6.6,"剧情,悬疑,历史",3,故事简单也不悬疑紧张，只是通过不同的剪辑手法，如倒叙插叙，搞得看着有点蒙。但是摄影色调一如既往的好，喜欢。,,2023-08-04 00:26:54,2023 / 中国大陆 / 剧情 悬疑 历史 / 程耳 / 梁朝伟 王一博
35556001,热烈,,https://dou.img.lithub.cc/movie/35556001.jpg,2023-07-28(中国大陆),https://movie.douban.com/subject/35556001/,7.4,"剧情,喜剧",5,晚上一家人吃完饭，临时决定去看这部电影。燃，太燃了，应该是近期看过最好看的一部电影，有笑有泪有荣誉，强烈推荐～。另外对于我们胖子而言，原来跳街舞可以这么灵活帅气~~,,2023-08-02 23:04:18,2023 / 中国大陆 / 剧情 喜剧 / 大鹏 / 黄渤 王一博
35813934,东北警察故事2,,https://dou.img.lithub.cc/movie/35813934.jpg,2023-07-08(中国大陆网络),https://movie.douban.com/subject/35813934/,7.2,"剧情,动作,犯罪",4,动作戏很精彩，打得非常爽，行云流水。比疾4看着带劲。故事嘛，我们还是看动作戏吧。,,2023-08-01 08:44:54,2023 / 中国大陆 / 剧情 动作 犯罪 / 秦鹏飞 杨秉佳 / 谢苗 张皓森
35818074,我爱你！,,https://dou.img.lithub.cc/movie/35818074.jpg,2023-06-21(中国大陆),https://movie.douban.com/subject/35818074/,7.9,"剧情,爱情,家庭",4,四位戏骨精湛的演技给故事本身加分太多，叶童老师虽戏份不多，但演得太震撼。主线故事感觉有点脱离现实。,,2023-07-29 23:47:29,2023 / 中国大陆 中国香港 / 剧情 爱情 家庭 / 韩延 / 倪大红 惠英红
10604086,封神第一部：朝歌风云,,https://dou.img.lithub.cc/movie/10604086.jpg,2023-07-20(中国大陆),https://movie.douban.com/subject/10604086/,7.7,"动作,战争,奇幻",4,点映的那会就想看，奈何最近电影院能看的片子太多了，一直拖到今天。妲己是真漂亮，把动物的习性把握得真好。费翔老师身材练得这么好，我一个胖子情何以堪～,,2023-07-25 22:16:41,2023 / 中国大陆 / 动作 战争 奇幻 古装 / 乌尔善 / 费翔 李雪健
10533913,头脑特工队,,https://dou.img.lithub.cc/movie/10533913.jpg,2015-10-06(中国大陆),https://movie.douban.com/subject/10533913/,8.8,"喜剧,动画,冒险",5,陪娃看了一遍，还是那么的喜欢。记得当年在电影院看完，就想皮克斯哪来的创意，真是太脑洞大开了，佩服，完美～,,2023-07-24 23:47:32,2015 / 美国 / 喜剧 动画 冒险 / 彼特·道格特 罗纳尔多·德尔·卡门 / 艾米·波勒 菲利丝·史密斯
26336252,碟中谍6：全面瓦解,,https://dou.img.lithub.cc/movie/26336252.jpg,2018-08-31(中国大陆),https://movie.douban.com/subject/26336252/,8.1,"动作,惊悚,冒险",5,趁周末又看了遍，还是喜欢这个女主，发现羊毛战记也是她演，脸盲都没看出来。包括沙丘里的母亲也是她，喜欢~,,2023-07-24 14:47:14,2018 / 美国 中国大陆 法国 挪威 英国 / 动作 惊悚 冒险 / 克里斯托弗·麦奎里 / 汤姆·克鲁斯 亨利·卡维尔
27199894,超级马力欧兄弟大电影,,https://dou.img.lithub.cc/movie/27199894.jpg,2023-04-05(美国/中国大陆),https://movie.douban.com/subject/27199894/,7.8,"喜剧,爱情,科幻",5,当熟悉的音乐起来的时候，哇喔，童年的记忆立马回来。而且当中还加入当时的游戏玩法，赞大大的赞。,,2023-07-20 11:07:21,2023 / 美国 日本 / 喜剧 爱情 科幻 动画 奇幻 冒险 / 亚伦·霍瓦斯 迈克尔·杰勒尼克 / 克里斯·帕拉特 安雅·泰勒-乔伊
30334073,调音师,,https://dou.img.lithub.cc/movie/30334073.jpg,2019-04-03(中国大陆),https://movie.douban.com/subject/30334073/,8.2,"喜剧,悬疑,惊悚",5,当年电影院上映的时候，以为是部文艺片，就没关注。某天点开看了下，一发不可收拾，这悬疑一波又一波的反转，只有卧槽了～,,2023-07-19 15:27:47,2018 / 印度 / 喜剧 悬疑 惊悚 犯罪 / 斯里兰姆·拉格万 / 阿尤斯曼·库拉纳 塔布
3852077164,变形金刚：超能勇士崛起,,https://img9.doubanio.com/view/photo/m_ratio_poster/public/p2892024245.jpg,2023-06-09(美国/中国大陆),https://movie.douban.com/subject/26634250/,6.1,"动作,科幻,冒险",3,当男主变成钢铁侠的时候，之后连单膝跪地的姿势都一样，这是致敬还是？感觉这个系列越做越不好看～,,2023-07-15 20:43:12,2023 / 美国 / 动作 科幻 冒险 / 小斯蒂芬·卡普尔 / 安东尼·拉莫斯 多米尼克·菲什巴克
3851198735,碟中谍7：致命清算（上）,,https://img9.doubanio.com/view/photo/m_ratio_poster/public/p2893481084.jpg,2023-07-14(中国大陆),https://movie.douban.com/subject/30433455/,8.3,"动作,惊悚,冒险",5,阿汤哥的第一个镜头就感受到岁月的流逝，时间过得太快了。出现新女主时，就觉得之前的可能活不了，可惜，不过新女主看久了也喜欢。,,2023-07-15 00:13:55,2023 / 美国 / 动作 惊悚 冒险 / 克里斯托弗·麦奎里 / 汤姆·克鲁斯 海莉·阿特维尔
3846104514,铃芽之旅,,https://img.koobai.com/douban/ly.webp,2023-03-24(中国大陆),https://movie.douban.com/subject/35371261/,7.3,"爱情,动画,奇幻",3,难得一家三口坐在电视机前一起看电影。可能期待过高，看下来没预期好，特别是动机太弱，刚认识就要死要活的～～,,2023-07-10 09:33:03,2022 / 日本 / 爱情 动画 奇幻 / 新海诚 / 原菜乃华 松村北斗
3843953354,看不见的客人,,https://img.koobai.com/douban/kbydkr.webp,2017-09-15(中国大陆),https://movie.douban.com/subject/26580232/,8.8,"剧情,悬疑,惊悚",5,当年在电影院看完的时候，一时都缓不过来，唯有卧槽卧槽。刚看了一遍解说，情景又复现，太牛逼～,,2023-07-08 15:01:02,2016 / 西班牙 / 剧情 悬疑 惊悚 犯罪 / 奥里奥尔·保罗 / 马里奥·卡萨斯 阿娜·瓦格纳
3843355574,东方快车谋杀案,,https://img.koobai.com/douban/dfkc.webp,2017-11-10(中国大陆),https://movie.douban.com/subject/25790761/,6.8,"剧情,悬疑,犯罪",3,没看过原著也不了解这个故事，这结局不喜欢。而且悬疑感非常一般，破案过程也只是靠说~,,2023-07-07 23:22:18,2017 / 马耳他 美国 / 剧情 悬疑 犯罪 / 肯尼思·布拉纳 / 肯尼思·布拉纳 汤姆·巴特曼
3835886593,隐秘的角落,,https://img.koobai.com/douban/ybdjl.webp,2020-06-16(中国大陆),https://movie.douban.com/subject/33404425/,8.8,"剧情,悬疑,犯罪",5,这几天重新看了一遍，如果看的是HDR片源，片子的颜色质感真舒服。一个彩蛋，马光才在漫长的季节里也是追周春红。,,2023-07-01 09:38:50,2020 / 中国大陆 / 剧情 悬疑 犯罪 / 辛爽 / 秦昊 王景春
3832301023,天盛长歌,,https://img1.doubanio.com/view/photo/l/public/p2530496828.webp,2018-08-14(中国大陆),https://movie.douban.com/subject/26761328/,8.2,"爱情,古装",2,70 集又长又无聊，基本上一集跳过 2 30 分钟，中间直接跳过 10 几集，结局不喜欢。还是喜欢类似于琅琊榜之类的~,,2023-06-27 16:02:00,2018 / 中国大陆 / 爱情 古装 / 沈严 刘海波 / 陈坤 倪妮
3827235058,消失的她,,https://img1.doubanio.com/view/photo/m_ratio_poster/public/p2893270877.jpg,2023-06-22(中国大陆),https://movie.douban.com/subject/35660795/,7.2,"悬疑,犯罪",4,无意中看到影评，抱着期待去看的。到后半段能猜到谁是谁，所以惊喜就少了点。一赌毁所有，身边太有体会。,,2023-06-22 22:46:12,2022 / 中国大陆 / 悬疑 犯罪 / 崔睿 刘翔 / 朱一龙 倪妮
3822728604,速度与激情10,,https://img2.doubanio.com/view/photo/l/public/p2890945131.webp,2023-05-17(中国大陆),https://movie.douban.com/subject/26631790/,6.3,"动作,悬疑,惊悚",3,最喜欢的还是布莱恩走的那部，结尾给看哭了。这部的海王喜欢，疯癫、痴狂...,,2023-06-18 09:46:00,2023 / 美国 / 动作 悬疑 惊悚 犯罪 冒险 / 路易斯·莱特里尔 / 范·迪塞尔 米歇尔·罗德里格兹
3822092463,惊天营救2,,https://img1.doubanio.com/view/photo/m_ratio_poster/public/p2892053237.jpg,2023-06-16(美国网络),https://movie.douban.com/subject/35056376/,0,"动作,惊悚",4,突突突突轰轰轰，看得很爽，非常流畅，比疾4好出 N 个疾4吧。喜欢里面的女主～,,2023-06-17 18:30:46,2023 / 美国 / 动作 惊悚 / 山姆·哈格雷夫 / 克里斯·海姆斯沃斯 格什菲·法拉哈尼
3821309483,闪电侠,,https://img1.doubanio.com/view/photo/l/public/p2892625839.webp,2023-06-16(美国/中国大陆),https://movie.douban.com/subject/3011317/,0,"动作,科幻,奇幻",5,自己不是DC/漫威迷，但这有笑有感动，一切由头都是从Family开始，家庭题材总是有共鸣~,,2023-06-16 22:19:23,2023 / 美国 / 动作 科幻 奇幻 冒险 / 安德斯·穆斯切蒂 / 埃兹拉·米勒 本·阿弗莱克
3820719036,黑镜 第六季,,https://img1.doubanio.com/view/photo/m_ratio_poster/public/p2891201448.jpg,2023-06-15(美国),https://movie.douban.com/subject/35901863/,0,"剧情,科幻,悬疑",4,注册会员有几个人会看用户协议的，还有当下流行的AI、元宇宙、流媒体。很喜欢第一集。喜欢黑镜系列最主要的原因是讲近科技，现实中过几年就能触手可及。,,2023-06-16 08:39:45,2023 / 美国 / 剧情 科幻 悬疑 惊悚 / 阿丽·潘基乌 萨姆·米勒 约翰·克劳利 乌塔·布里兹维茨 托比·海恩斯 / 萨尔玛·海耶克 本·巴恩斯
3815376533,羊毛战记 第一季,,https://img9.doubanio.com/view/photo/m_ratio_poster/public/p2891167234.jpg,2023-05-05(美国),https://movie.douban.com/subject/35468745/,7.9,"剧情,科幻",4,目前看完第一集，喜欢，女主角在结尾才出场。悬疑感让你跟剧中人物一样，想一探究竟外面到底是什么世界。,,2023-06-10 15:14:08,2023 / 美国 / 剧情 科幻 / 莫滕·泰杜姆 / 丽贝卡·弗格森 大卫·奥伊罗
3811751009,继承之战 第四季,,https://img1.doubanio.com/view/photo/l/public/p2892628480.webp,2023-03-26(美国),https://movie.douban.com/subject/35638422/,9.5,剧情,3,没放弃看的原因是太喜欢片头的音乐了。第四季看了前4集跟最后一集，发现自己还是不适合看这种大量台词的剧～,,2023-06-06 15:55:38,2023 / 美国 / 剧情 / 马克·米罗 / 布莱恩·考克斯 杰瑞米·斯特朗
3810541914,天空之城,,https://img9.doubanio.com/view/photo/m/public/p2888647044.webp,1992-05-01(中国大陆),https://movie.douban.com/subject/1291583/,9.2,"动画,奇幻,冒险",4,以前没看过，六一陪闺女一起看，怀疑沙丘蜻蜓飞机的灵感来自天空之城。,,2023-06-05 07:53:33,1986 / 日本 / 动画 奇幻 冒险 / 宫崎骏 / 田中真弓 横泽启子
3808002562,蜘蛛侠：纵横宇宙,,https://img1.doubanio.com/view/photo/l/public/p2892183489.webp,2023-06-02(美国/中国大陆),https://movie.douban.com/subject/30391186/,9,"喜剧,动作,科幻",5,动画的形式就是好，导演能天马行空。画面没得说，语言匮乏只能是说牛逼。做父母难做孩子也不容易，每个年龄段都有各自的想法。中间部分，不知道是自己年龄大了还是怎么地，音乐部分觉得闹腾了点。唯一很不爽的就是：啊，放完了？怎么就戛然而止了？这是第二季第一集呀。,,2023-06-02 22:54:13,2023 / 美国 / 喜剧 动作 科幻 动画 奇幻 冒险 / 乔伊姆·多斯·桑托斯 凯普·鲍尔斯 贾斯汀·汤普森 / 沙梅克·摩尔 海莉·斯坦菲尔德
3799113969,疾速追杀4,,https://img9.doubanio.com/view/photo/m_ratio_poster/public/p2884692335.jpg,2023-03-13(西南偏南电影节),https://movie.douban.com/subject/33455421/,7.8,"动作,惊悚,犯罪",3,一直打不死疲乏了，反而甄子丹是亮点，动作也好看。,,2023-05-25 09:14:15,2023 / 美国 / 动作 惊悚 犯罪 / 查德·斯塔赫斯基 / 基努·里维斯 甄子丹
3795263881,盟约,,https://img1.doubanio.com/view/photo/m_ratio_poster/public/p2887388117.jpg,2023-04-21(美国),https://movie.douban.com/subject/35722688/,7.1,"动作,惊悚,战争",3,就是一部正常的美国价值观输出的片子~,,2023-05-21 15:16:29,2023 / 英国 西班牙 美国 / 动作 惊悚 战争 / 盖·里奇 / 杰克·吉伦哈尔 达尔·萨利姆
3788298956,保你平安,,https://img9.doubanio.com/view/photo/l/public/p2889273344.webp,2023-03-10(中国大陆),https://movie.douban.com/subject/35457272/,7.8,"剧情,喜剧",5,网络造谣违法成本太低了，另外真看不得学生被霸凌这种镜头，太揪心了，还有孩子最好的教育来自父母。,,2023-05-15 00:10:40,2022 / 中国大陆 / 剧情 喜剧 / 大鹏 / 大鹏 李雪琴
3783431094,宇宙探索编辑部,,https://img9.doubanio.com/view/photo/m_ratio_poster/public/p2889865405.jpg,2023-04-01(中国大陆),https://movie.douban.com/subject/34941536/,8.2,"喜剧,科幻",3,,,2023-05-11 09:49:09,2021 / 中国大陆 / 喜剧 科幻 / 孔大山 / 杨皓宇 艾丽娅
3778485774,银河护卫队3,,https://img1.doubanio.com/view/photo/l/public/p2891565007.webp,2023-05-05(美国/中国大陆),https://movie.douban.com/subject/26258779/,8.6,"喜剧,动作,科幻",5,诙谐幽默，轻松愉快，动作流畅,,2023-05-06 22:42:15,2023 / 美国 / 喜剧 动作 科幻 惊悚 冒险 / 詹姆斯·古恩 / 克里斯·帕拉特 佐伊·索尔达娜
3777627769,俄罗斯方块,,https://img1.doubanio.com/view/photo/m_ratio_poster/public/p2888730530.jpg,2023-03-15(西南偏南电影节),https://movie.douban.com/subject/26087471/,8.1,"惊悚,传记",5,版权之争，拍出了谍战片感觉，紧张刺激~,,2023-05-06 09:33:06,2023 / 英国 美国 / 惊悚 传记 / 乔·拜尔德 / 塔伦·埃哲顿 迈尔斯·巴罗
3776632510,龙与地下城：侠盗荣耀,,https://img1.doubanio.com/view/photo/l/public/p2889313999.webp,2023-03-31(美国/中国大陆),https://movie.douban.com/subject/26584673/,7.7,"动作,奇幻,冒险",4,轻松愉快，特效很好,,2023-05-05 09:24:31,2023 / 美国 加拿大 / 动作 奇幻 冒险 / 约翰·弗朗西斯·戴利 乔纳森·戈尔茨坦 / 克里斯·派恩 米歇尔·罗德里格兹
3773591250,漫长的季节,,https://img9.doubanio.com/view/photo/m_ratio_poster/public/p2890906384.jpg,2023-04-22(中国大陆),https://movie.douban.com/subject/35588177/,9.5,"剧情,家庭,犯罪",5,不是东北人听不出东北话的梗，看完最大的感受就是自己得有本事才行，这样可以让家人得以安全,,2023-05-02 12:32:36,2023 / 中国大陆 / 剧情 家庭 犯罪 / 辛爽 / 范伟 秦昊
3771296583,蚁人与黄蜂女：量子狂潮,,https://img1.doubanio.com/view/photo/l/public/p2888964840.webp,2023-02-17(美国/中国大陆),https://movie.douban.com/subject/34610636/,5.9,"喜剧,动作,科幻",3,特效不错,,2023-04-30 10:03:03,2023 / 美国 / 喜剧 动作 科幻 冒险 / 佩顿·里德 / 保罗·路德 伊万杰琳·莉莉
3771295933,黑豹2,,https://img9.doubanio.com/view/photo/m_ratio_poster/public/p2888100744.jpg,2023-02-07(中国大陆),https://movie.douban.com/subject/30167997/,5.4,"剧情,动作,科幻",3,,,2023-04-30 10:01:55,2022 / 美国 / 剧情 动作 科幻 惊悚 奇幻 冒险 / 瑞恩·库格勒 / 利蒂希娅·赖特 露皮塔·尼永奥
3765423572,曼达洛人 第三季,,https://img1.doubanio.com/view/photo/m_ratio_poster/public/p2887343397.jpg,2023-03-01(美国),https://movie.douban.com/subject/35048728/,9.1,"动作,科幻,奇幻",4,以前没怎么看过星战系列，所以这也是当正常一个美剧看，每季都看一集一个故事，看看未来场景看看一个人的轨迹，蛮好～,,2023-04-24 08:41:23,2023 / 美国 / 动作 科幻 奇幻 冒险 / 卡尔·韦瑟斯 布莱丝·达拉斯·霍华德 黛博拉·周 塔伊加·维迪提 佩顿·里德 罗伯特·罗德里格兹 / 佩德罗·帕斯卡 凯缇·萨克霍夫
3758984445,尘封十三载,,https://img2.doubanio.com/view/photo/m_ratio_poster/public/p2890394683.jpg,2023-04-06(中国大陆),https://movie.douban.com/subject/35725856/,8.1,"悬疑,犯罪",4,整体不错，推荐。前面看到喻恩泰出场，但只是几个镜头，猜想他就是凶手，没想到的是，他儿子也是~~,,2023-04-18 09:18:33,2023 / 中国大陆 / 悬疑 犯罪 / 刘海波 / 陈建斌 陈晓
3728995526,回响,,https://img1.doubanio.com/view/photo/m_ratio_poster/public/p2889186157.jpg,2023-03-16(中国大陆),https://movie.douban.com/subject/35671177/,0,"剧情,悬疑",3,前半部分很不错，都没快进，到了后半段就非常不喜欢冉咚咚～,,2023-03-22 13:27:32,2023 / 中国大陆 / 剧情 悬疑 / 冯小刚 / 宋佳 王阳
3719045751,网络谜踪2,,https://img9.doubanio.com/view/photo/m_ratio_poster/public/p2886965335.jpg,2023-01-20(美国),https://movie.douban.com/subject/34795100/,8.1,"剧情,惊悚",5,,,2023-03-12 23:03:41,2023 / 美国 / 剧情 惊悚 / 尼古拉斯·D·约翰逊 威尔·梅瑞克 / 斯托姆·瑞德 尼娅·朗
3718541623,黑暗荣耀 第二季,,https://img1.doubanio.com/view/photo/m_ratio_poster/public/p2887693579.jpg,2023-03-10(韩国),https://movie.douban.com/subject/36193784/,9.3,"剧情,悬疑",5,看完爽了，没有所谓的原谅~,,2023-03-12 16:04:56,2023 / 韩国 / 剧情 悬疑 / 安吉镐 / 宋慧乔 李到晛
3712595503,1923 第一季,,https://img1.doubanio.com/view/photo/m_ratio_poster/public/p2884549449.jpg,2022-12-18(美国),https://movie.douban.com/subject/35794664/,9.4,"剧情,西部",3,,,2023-03-06 13:26:37,2022 / 美国 / 剧情 西部 / 哈里森·福特 海伦·米伦
3708514974,塔尔萨之王 第一季,,https://img9.doubanio.com/view/photo/m_ratio_poster/public/p2881996684.jpg,2022-11-13(美国),https://movie.douban.com/subject/35814636/,8.5,"剧情,犯罪",4,目前看了一集，应该是个爽片,,2023-03-02 12:21:47,2022 / 美国 / 剧情 犯罪 / 本杰明·塞曼诺夫 艾伦·考特勒 / 西尔维斯特·史泰龙 加内特·赫德兰
3705297915,想见你,,https://img1.doubanio.com/view/photo/m_ratio_poster/public/p2885427348.jpg,2022-12-24(中国大陆),https://movie.douban.com/subject/35208467/,6.2,"爱情,悬疑,奇幻",3,,,2023-02-26 23:51:51,2022 / 中国大陆 中国台湾 中国香港 / 爱情 悬疑 奇幻 / 黄天仁 / 柯佳嬿 许光汉
3685749149,蜘蛛侠：平行宇宙,,https://img2.doubanio.com/view/photo/l/public/p2543284411.webp,2018-12-21(中国大陆),https://movie.douban.com/subject/26374197/,8.6,"动作,科幻,动画",5,,,2023-02-09 15:13:01,
3685748714,星际穿越,,https://img1.doubanio.com/view/photo/m_ratio_poster/public/p2614988097.jpg,2014-11-12(中国大陆),https://movie.douban.com/subject/1889243/,9.4,"剧情,科幻,冒险",5,,,2023-02-09 15:12:32,
3685535814,三体,,https://img2.doubanio.com/view/photo/m_ratio_poster/public/p2886492021.jpg,2023-01-15(中国大陆),https://movie.douban.com/subject/26647087/,8.3,"剧情,科幻",4,没看过原著，之前只看了几个解说视频，目前看到第三集，第一集的时候一脸懵，第二集开始进入状态，观感不错～,,2023-02-09 11:12:46,
3675139141,1917,,https://img2.doubanio.com/view/photo/m_ratio_poster/public/p2587146023.jpg,2020-08-07(中国大陆),https://movie.douban.com/subject/30252495/,8.5,"剧情,战争",4,,,2023-02-01 10:58:44,
3675138790,天才枪手,,https://img9.doubanio.com/view/photo/m_ratio_poster/public/p2501863104.jpg,2017-10-13(中国大陆),https://movie.douban.com/subject/27024903/,8.2,"剧情,悬疑,犯罪",5,,,2023-02-01 10:58:22,
3675138587,雄狮少年,,https://img1.doubanio.com/view/photo/m_ratio_poster/public/p2702755317.jpg,2021-12-17(中国大陆),https://movie.douban.com/subject/35144311/,8.3,"剧情,喜剧,动画",4,,,2023-02-01 10:58:09,
3675138369,扎克·施奈德版正义联盟,,https://img9.doubanio.com/view/photo/m_ratio_poster/public/p2634360594.jpg,2021-05-03(中国大陆网络),https://movie.douban.com/subject/35076714/,8.1,"动作,科幻,奇幻",5,,,2023-02-01 10:57:56,
3675138047,网络谜踪,,https://img1.doubanio.com/view/photo/m_ratio_poster/public/p2542848758.jpg,2018-12-14(中国大陆),https://movie.douban.com/subject/27615441/,8.5,"剧情,悬疑,惊悚",5,,,2023-02-01 10:57:38,
3675137872,寻梦环游记,,https://img9.doubanio.com/view/photo/m_ratio_poster/public/p2614500706.jpg,2017-11-24(中国大陆),https://movie.douban.com/subject/20495023/,9.1,"喜剧,动画,音乐",5,,,2023-02-01 10:57:27,
3675137481,青春变形记,,https://img1.doubanio.com/view/photo/m_ratio_poster/public/p2868096837.jpg,2022-03-11(美国网络),https://movie.douban.com/subject/35284253/,8.2,"喜剧,动画,奇幻",4,,,2023-02-01 10:57:03,
3675137090,影,,https://img1.doubanio.com/view/photo/m_ratio_poster/public/p2530513100.jpg,2018-09-30(中国大陆),https://movie.douban.com/subject/4864908/,7.2,"剧情,动作,武侠",4,,,2023-02-01 10:56:39,
3675134731,东城梦魇,,https://img1.doubanio.com/view/photo/m_ratio_poster/public/p2637878518.jpg,2021-04-18(美国),https://movie.douban.com/subject/30441731/,8.8,"剧情,悬疑,犯罪",4,,,2023-02-01 10:54:04,
3674714565,小丑,,https://img9.doubanio.com/view/photo/m_ratio_poster/public/p2567198874.jpg,2019-08-31(威尼斯电影节),https://movie.douban.com/subject/27119724/,8.7,"剧情,惊悚,犯罪",4,,,2023-01-31 23:28:54,
3674713336,沙丘,,https://img9.doubanio.com/view/photo/m_ratio_poster/public/p2687443734.jpg,2021-10-22(美国/中国大陆),https://movie.douban.com/subject/3001114/,7.7,"剧情,科幻,冒险",5,,,2023-01-31 23:28:14,
3674710208,新蝙蝠侠,,https://img2.doubanio.com/view/photo/m_ratio_poster/public/p2868425292.jpg,2022-03-18(中国大陆),https://movie.douban.com/subject/6424756/,7.2,"剧情,动作,悬疑",4,,,2023-01-31 23:26:50,
3674707625,瞬息全宇宙,,https://img9.doubanio.com/view/photo/m_ratio_poster/public/p2869765076.jpg,2022-03-11(西南偏南电影节),https://movie.douban.com/subject/30314848/,7.6,"喜剧,奇幻,冒险",4,,,2023-01-31 23:25:19,
3674706750,银河护卫队：圣诞特别篇,,https://img9.doubanio.com/view/photo/m_ratio_poster/public/p2882398484.jpg,2022-11-25(美国网络),https://movie.douban.com/subject/35284237/,7.7,"喜剧,动作,科幻",4,,,2023-01-31 23:24:47,
3674706182,狙击手,,https://img2.doubanio.com/view/photo/m_ratio_poster/public/p2738601191.jpg,2022-02-01(中国大陆),https://movie.douban.com/subject/35215390/,7.7,"剧情,历史,战争",4,,,2023-01-31 23:24:27,
3674705493,套装,,https://img1.doubanio.com/view/photo/m_ratio_poster/public/p2868098898.jpg,2022-02-14(柏林电影节),https://movie.douban.com/subject/35372415/,7.9,"剧情,惊悚,犯罪",4,,,2023-01-31 23:24:02,
3674704504,阳光普照,,https://img1.doubanio.com/view/photo/m_ratio_poster/public/p2570235120.jpg,2019-11-01(中国台湾),https://movie.douban.com/subject/30292777/,8.6,"剧情,家庭,犯罪",4,,,2023-01-31 23:23:26,
3674699366,上载新生 第一季,,https://img1.doubanio.com/view/photo/m_ratio_poster/public/p2591330048.jpg,2020-05-01(美国),https://movie.douban.com/subject/27622782/,8.3,"喜剧,科幻,悬疑",4,,,2023-01-31 23:20:32,
3674697958,终极名单,,https://img2.doubanio.com/view/photo/m_ratio_poster/public/p2873293162.jpg,2022-07-01(美国),https://movie.douban.com/subject/34963448/,8.3,"动作,惊悚",4,,,2023-01-31 23:19:49,
3674696990,黑钱胜地 第四季,,https://img2.doubanio.com/view/photo/m_ratio_poster/public/p2829953542.jpg,2022-01-21(美国),https://movie.douban.com/subject/35125277/,8.7,"剧情,惊悚,犯罪",5,,,2023-01-31 23:19:16,
3674695911,英雄联盟：双城之战 第一季,,https://img9.doubanio.com/view/photo/m_ratio_poster/public/p2714077426.jpg,2021-11-07(中国大陆),https://movie.douban.com/subject/34867871/,9,"动作,科幻,动画",5,,,2023-01-31 23:18:39,
3674692752,纸钞屋 第五季,,https://img1.doubanio.com/view/photo/m_ratio_poster/public/p2733192698.jpg,2021-09-03(西班牙),https://movie.douban.com/subject/35162581/,9.4,"动作,悬疑,惊悚",5,,,2023-01-31 23:16:55,
3674686844,1883,,https://img9.doubanio.com/view/photo/m_ratio_poster/public/p2722371034.jpg,2021-12-19(美国),https://movie.douban.com/subject/35358449/,9.1,"剧情,西部",5,,,2023-01-31 23:13:27,
3674685877,唐朝诡事录,,https://img1.doubanio.com/view/photo/m_ratio_poster/public/p2883995667.jpg,2022-09-27(中国大陆),https://movie.douban.com/subject/35235151/,7.9,"悬疑,奇幻,武侠",4,,,2023-01-31 23:13:01,
3674685271,梦华录,,https://img9.doubanio.com/view/photo/m_ratio_poster/public/p2656327176.jpg,2022-06-02(中国大陆),https://movie.douban.com/subject/35231822/,8,"剧情,爱情,古装",3,,,2023-01-31 23:12:46,
3674683409,黑袍纠察队 第三季,,https://img1.doubanio.com/view/photo/m_ratio_poster/public/p2873152309.jpg,2022-06-03(美国),https://movie.douban.com/subject/35154050/,8.7,"剧情,动作,科幻",5,,,2023-01-31 23:11:46,
3674682694,浴血黑帮 第六季,,https://img9.doubanio.com/view/photo/m_ratio_poster/public/p2870947135.jpg,2022-02-27(英国),https://movie.douban.com/subject/34796271/,9.2,"剧情,犯罪",4,,,2023-01-31 23:11:20,
3674682150,真相捕捉 第二季,,https://img2.doubanio.com/view/photo/m_ratio_poster/public/p2885213932.jpg,2022-08-28(英国),https://movie.douban.com/subject/35088783/,9.4,"悬疑,惊悚,犯罪",5,,,2023-01-31 23:11:02,
3674681838,怪奇物语 第四季,,https://img9.doubanio.com/view/photo/m_ratio_poster/public/p2868448056.jpg,2022-05-27(美国),https://movie.douban.com/subject/27194292/,9.2,"剧情,恐怖,奇幻",5,,,2023-01-31 23:10:51,
3674679798,风骚律师 第六季,,https://img1.doubanio.com/view/photo/m_ratio_poster/public/p2869521768.jpg,2022-04-18(美国),https://movie.douban.com/subject/34951007/,9.8,"剧情,犯罪",5,,,2023-01-31 23:09:43,
3674677378,闪亮女孩,,https://img9.doubanio.com/view/photo/m_ratio_poster/public/p2871842144.jpg,2022-04-29(美国),https://movie.douban.com/subject/25930137/,8.5,"科幻,悬疑,惊悚",4,,,2023-01-31 23:08:25,
3674677068,和平使者 第一季,,https://img1.doubanio.com/view/photo/m_ratio_poster/public/p2759888858.jpg,2022-01-13(美国),https://movie.douban.com/subject/35209701/,8.7,"喜剧,动作,科幻",4,,,2023-01-31 23:08:13,
3674675295,人生切割术 第一季,,https://img1.doubanio.com/view/photo/m_ratio_poster/public/p2870952920.jpg,2022-02-18(美国),https://movie.douban.com/subject/34885342/,9.1,"剧情,科幻,悬疑",5,,,2023-01-31 23:07:11,
3674674213,开端,,https://img1.doubanio.com/view/photo/m_ratio_poster/public/p2843045720.jpg,2022-01-11(中国大陆),https://movie.douban.com/subject/35332289/,7.9,剧情,4,,,2023-01-31 23:06:30,
3674673487,风起陇西,,https://img2.doubanio.com/view/photo/m_ratio_poster/public/p2872590641.jpg,2022-04-27(中国大陆),https://movie.douban.com/subject/26766214/,8.1,"剧情,悬疑,历史",4,,,2023-01-31 23:06:05,
3674672601,人世间,,https://img1.doubanio.com/view/photo/m_ratio_poster/public/p2867957830.jpg,2022-01-28(中国大陆),https://movie.douban.com/subject/35207856/,8.1,剧情,4,,,2023-01-31 23:05:39,
3673818373,赛博朋克：边缘行者,,https://img1.doubanio.com/view/photo/m_ratio_poster/public/p2877118797.jpg,2022-09-13(美国),https://movie.douban.com/subject/35118256/,9,"动作,科幻,动画",5,,,2023-01-31 11:25:32,
3673816522,人生大事,,https://img1.doubanio.com/view/photo/m_ratio_poster/public/p2874262709.jpg,2022-06-24(中国大陆),https://movie.douban.com/subject/35460157/,7.3,"剧情,家庭",4,,,2023-01-31 11:23:49,
3673816254,壮志凌云2：独行侠,,https://img1.doubanio.com/view/photo/m_ratio_poster/public/p2870610648.jpg,2022-05-18(戛纳电影节),https://movie.douban.com/subject/6893932/,8,动作,4,,,2023-01-31 11:23:35,
3673816035,十三条命,,https://img2.doubanio.com/view/photo/m_ratio_poster/public/p2877798713.jpg,2022-07-29(美国),https://movie.douban.com/subject/35056243/,8.5,"剧情,惊悚,传记",4,,,2023-01-31 11:23:24,
3673815671,利刃出鞘2,,https://img2.doubanio.com/view/photo/m_ratio_poster/public/p2882492021.jpg,2022-09-10(多伦多电影节),https://movie.douban.com/subject/34939037/,6.7,"剧情,喜剧,悬疑",3,,,2023-01-31 11:23:03,
3673815216,菜单,,https://img9.doubanio.com/view/photo/m_ratio_poster/public/p2880339524.jpg,2022-09-10(多伦多电影节),https://movie.douban.com/subject/30455615/,6.4,"喜剧,惊悚,恐怖",3,,,2023-01-31 11:22:35,
3673814431,1899,,https://img9.doubanio.com/view/photo/m_ratio_poster/public/p2882110166.jpg,2022-11-17(德国),https://movie.douban.com/subject/30378843/,6.7,"剧情,悬疑,恐怖",3,,,2023-01-31 11:21:50,
3673171157,西线无战事,,https://img9.doubanio.com/view/photo/m_ratio_poster/public/p2879787106.jpg,2022-09-12(多伦多电影节),https://movie.douban.com/subject/3042261/,8.5,"剧情,动作,战争",4,,,2023-01-30 22:02:14,
3673170820,万里归途,,https://img2.doubanio.com/view/photo/m_ratio_poster/public/p2880793132.jpg,2022-09-30(中国大陆),https://movie.douban.com/subject/26654184/,7.4,"剧情,战争",5,,,2023-01-30 22:02:02,
3673169996,阿凡达：水之道,,https://img9.doubanio.com/view/photo/m_ratio_poster/public/p2884182275.jpg,2022-12-16(美国/中国大陆),https://movie.douban.com/subject/4811774/,8,"动作,科幻,冒险",4,票太贵了，一个人100多块钱。画面观感不错，但不喜欢队长复活这个设定。,,2023-01-30 22:01:35,
3673168347,中国奇谭,,https://img1.doubanio.com/view/photo/m_ratio_poster/public/p2885130077.jpg,2023-01-01(中国大陆),https://movie.douban.com/subject/35674355/,9.3,"动画,短片,奇幻",4,目前只看了前三集，第一集打破了以师徒四人为主角，从妖的视角切入，这只猪妖，就是现实职场的写照。推荐～,,2023-01-30 22:00:33,
3672626635,狂飙,,https://img2.doubanio.com/view/photo/m_ratio_poster/public/p2886376181.jpg,2023-01-14(中国大陆),https://movie.douban.com/subject/35465232/,9.1,"剧情,犯罪",4,,,2023-01-30 14:53:08,
3672461701,黑暗荣耀,,https://img1.doubanio.com/view/photo/m_ratio_poster/public/p2884876907.jpg,2022-12-30(韩国),https://movie.douban.com/subject/35314632/,8.9,剧情,4,,,2023-01-30 12:45:21,
3672461390,疼痛难免,,https://img2.doubanio.com/view/photo/m_ratio_poster/public/p2867888861.jpg,2022-02-08(英国),https://movie.douban.com/subject/30267255/,9.4,"剧情,喜剧,同性",4,,,2023-01-30 12:45:03,
3672461085,无罪之最,,https://img1.doubanio.com/view/photo/m_ratio_poster/public/p2639035790.jpg,2021-04-30(西班牙),https://movie.douban.com/subject/34926405/,8.5,"剧情,悬疑,惊悚",4,,,2023-01-30 12:44:47,
3672460649,成瘾剂量,,https://img1.doubanio.com/view/photo/m_ratio_poster/public/p2867314050.jpg,2021-10-13(美国),https://movie.douban.com/subject/35101436/,9.4,剧情,4,,,2023-01-30 12:44:24,
3672460110,最后生还者 第一季,,https://img9.doubanio.com/view/photo/m_ratio_poster/public/p2884221114.jpg,2023-01-15(美国),https://movie.douban.com/subject/25848328/,9.1,"剧情,动作,科幻",5,,,2023-01-30 12:43:53,
3671468175,龙之家族 第一季,,https://img2.doubanio.com/view/photo/m_ratio_poster/public/p2874976551.jpg,2022-08-21(美国),https://movie.douban.com/subject/34825964/,8.8,"剧情,动作,爱情",4,,,2023-01-29 19:34:50,
3671467439,流浪地球2,,https://img1.doubanio.com/view/photo/l/public/p2886571370.webp,2023-01-22(中国大陆),https://movie.douban.com/subject/35267208/,8.2,"科幻,冒险,灾难",5,,,2023-01-29 19:34:15,
2876906766,爱，死亡和机器人 第二季,,https://img2.doubanio.com/view/photo/m_ratio_poster/public/p2641221021.jpg,2021-05-14(美国),https://movie.douban.com/subject/34418203/,6.8,"喜剧,科幻,动画",3,,,2021-05-14 19:19:18,
2857805521,悬崖之上,,https://img9.doubanio.com/view/photo/m_ratio_poster/public/p2636475385.jpg,2021-04-30(中国大陆),https://movie.douban.com/subject/32493124/,7.6,"剧情,动作,悬疑",5,,,2021-04-29 21:49:14,
2843148668,想见你,,https://img2.doubanio.com/view/photo/m_ratio_poster/public/p2576977981.jpg,2019-11-17(中国台湾),https://movie.douban.com/subject/30468961/,9.2,"爱情,悬疑,奇幻",4,,,2021-04-17 19:22:36,
2749936413,人潮汹涌,,https://img9.doubanio.com/view/photo/m_ratio_poster/public/p2632862664.jpg,2021-02-12(中国大陆),https://movie.douban.com/subject/34880302/,6.5,"喜剧,犯罪",4,,,2021-02-17 20:35:55,
2746710043,新神榜：哪吒重生,,https://img9.doubanio.com/view/photo/m_ratio_poster/public/p2631711326.jpg,2021-02-12(中国大陆),https://movie.douban.com/subject/34779692/,6.8,"动作,动画,奇幻",4,,,2021-02-16 19:57:45,
2740075689,刺杀小说家,,https://img9.doubanio.com/view/photo/m_ratio_poster/public/p2628440875.jpg,2021-02-12(中国大陆),https://movie.douban.com/subject/26826330/,6.5,"动作,奇幻,冒险",4,,,2021-02-14 19:18:06,
2739498752,唐人街探案3,,https://img2.doubanio.com/view/photo/m_ratio_poster/public/p2622388983.jpg,2021-02-12(中国大陆),https://movie.douban.com/subject/27619748/,5.3,"喜剧,悬疑",4,,,2021-02-14 14:17:06,
2738219141,你好，李焕英,,https://img1.doubanio.com/view/photo/m_ratio_poster/public/p2629056068.jpg,2021-02-12(中国大陆),https://movie.douban.com/subject/34841067/,7.7,"剧情,喜剧,奇幻",4,,,2021-02-13 22:17:50,
2660020921,拆弹专家2,,https://img2.doubanio.com/view/photo/m_ratio_poster/public/p2621379901.jpg,2020-12-24(中国大陆),https://movie.douban.com/subject/30171424/,7.5,"动作,犯罪",4,,,2020-12-27 11:05:29,
2658896089,心灵奇旅,,https://img9.doubanio.com/view/photo/m_ratio_poster/public/p2626308994.jpg,2020-12-25(中国大陆/美国网络),https://movie.douban.com/subject/24733428/,8.7,"动画,音乐,奇幻",5,,,2020-12-26 18:47:18,
2648486608,甜蜜家园,,https://img9.doubanio.com/view/photo/m_ratio_poster/public/p2628425414.jpg,2020-12-18(韩国),https://movie.douban.com/subject/34858078/,7.8,"剧情,惊悚,恐怖",3,,,2020-12-19 16:46:00,
2617786811,王冠 第一季,,https://img2.doubanio.com/view/photo/m_ratio_poster/public/p2384662883.jpg,2016-11-04(美国),https://movie.douban.com/subject/26427152/,9.3,"剧情,历史",4,,,2020-11-26 15:38:44,
2585146526,后翼弃兵,,https://img9.doubanio.com/view/photo/m_ratio_poster/public/p2621201524.jpg,2020-10-23(美国),https://movie.douban.com/subject/32579283/,9,剧情,5,,,2020-11-01 13:38:01,
2463470490,雪国列车(剧版) 第一季,,https://img2.doubanio.com/view/photo/m_ratio_poster/public/p2602985813.jpg,2020-05-17(美国),https://movie.douban.com/subject/26919579/,7.1,"剧情,动作,科幻",3,,,2020-10-26 17:42:45,
2492555930,天才枪手(剧版),,https://img9.doubanio.com/view/photo/m_ratio_poster/public/p2581185844.jpg,2020-08-03(泰国),https://movie.douban.com/subject/34464444/,8.3,"剧情,悬疑,犯罪",4,,,2020-10-26 17:42:18,
2523495706,异星灾变 第一季,,https://img2.doubanio.com/view/photo/m_ratio_poster/public/p2616308032.jpg,2020-09-03(美国),https://movie.douban.com/subject/30345691/,8.1,"剧情,科幻",3,,,2020-10-06 18:46:42,
2556190320,无证之罪,,https://img2.doubanio.com/view/photo/m_ratio_poster/public/p2497732763.jpg,2017-09-06(中国大陆),https://movie.douban.com/subject/26930540/,8,"悬疑,犯罪",4,,,2020-10-06 18:45:07,
2549567354,姜子牙,,https://img1.doubanio.com/view/photo/m_ratio_poster/public/p2621219978.jpg,2020-10-01(中国大陆),https://movie.douban.com/subject/25907124/,6.6,"剧情,动画,奇幻",4,,,2020-10-01 18:33:05,
2549242656,我和我的家乡,,https://img2.doubanio.com/view/photo/m_ratio_poster/public/p2620453443.jpg,2020-10-01(中国大陆),https://movie.douban.com/subject/35051512/,7,"剧情,喜剧",4,,,2020-10-01 13:42:19,
2545702375,摩天大楼,,https://img2.doubanio.com/view/photo/m_ratio_poster/public/p2617261901.jpg,2020-08-19(中国大陆),https://movie.douban.com/subject/33393274/,7.9,"悬疑,犯罪",3,,,2020-09-27 22:16:32,
2545702035,夺冠,,https://img2.doubanio.com/view/photo/m_ratio_poster/public/p2620083313.jpg,2020-09-25(中国大陆),https://movie.douban.com/subject/30128916/,7.1,"剧情,运动",4,,,2020-09-27 22:16:13,
2545701731,沉默的真相,,https://img2.doubanio.com/view/photo/m_ratio_poster/public/p2620780603.jpg,2020-09-16(中国大陆),https://movie.douban.com/subject/33447642/,9,"剧情,悬疑,犯罪",5,,,2020-09-27 22:15:59,
2520232106,花木兰,,https://img2.doubanio.com/view/photo/m_ratio_poster/public/p2590336843.jpg,2020-09-11(中国大陆),https://movie.douban.com/subject/26357307/,4.9,"动作,冒险,古装",3,,,2020-09-05 18:26:36,
2518851057,信条,,https://img1.doubanio.com/view/photo/m_ratio_poster/public/p2612061299.jpg,2020-09-04(中国大陆),https://movie.douban.com/subject/30444960/,7.6,"剧情,动作,科幻",5,,,2020-09-04 19:29:39,
2494739074,龙岭迷窟,,https://img1.doubanio.com/view/photo/m_ratio_poster/public/p2593664928.jpg,2020-04-01(中国大陆),https://movie.douban.com/subject/30488569/,8.1,"剧情,动作,冒险",4,,,2020-08-16 19:58:55,
2463462929,十日游戏,,https://img9.doubanio.com/view/photo/m_ratio_poster/public/p2606307565.jpg,2020-06-02(中国大陆),https://movie.douban.com/subject/26986843/,7,"爱情,悬疑,犯罪",3,,,2020-08-15 11:01:02,
2492069884,八佰,,https://img1.doubanio.com/view/photo/m_ratio_poster/public/p2615925279.jpg,2020-08-21(中国大陆),https://movie.douban.com/subject/26754233/,7.5,"剧情,历史,战争",5,4分给电影1分给和平,,2020-08-14 23:53:02,
2435633117,暗黑 第三季,,https://img2.doubanio.com/view/photo/m_ratio_poster/public/p2609692563.jpg,2020-06-27(德国),https://movie.douban.com/subject/34442364/,9.3,"科幻,悬疑",5,,,2020-07-22 19:37:01,
2432556433,暗黑 第二季,,https://img9.doubanio.com/view/photo/m_ratio_poster/public/p2560267326.jpg,2019-06-21(德国),https://movie.douban.com/subject/27611018/,9.3,"悬疑,惊悚,奇幻",5,,,2020-06-26 17:00:26,
2432556280,暗黑 第一季,,https://img1.doubanio.com/view/photo/m_ratio_poster/public/p2547271088.jpg,2017-12-01(美国),https://movie.douban.com/subject/26992330/,9,"科幻,悬疑",5,,,2020-06-26 17:00:17,
2347165955,误杀,,https://img2.doubanio.com/view/photo/m_ratio_poster/public/p2614628862.jpg,2019-12-13(中国大陆),https://movie.douban.com/subject/30176393/,7.5,"剧情,悬疑,犯罪",4,,,2020-04-17 23:22:59,
2347165007,天才计划,,https://img2.doubanio.com/view/photo/m_ratio_poster/public/p2873885713.jpg,2022-06-10(中国大陆),https://movie.douban.com/subject/27046758/,7.1,"剧情,悬疑,犯罪",4,,,2020-04-17 23:22:31,
2340893791,饥饿站台,,https://img2.doubanio.com/view/photo/m_ratio_poster/public/p2566870171.jpg,2019-09-06(多伦多电影节),https://movie.douban.com/subject/34805219/,7.9,"科幻,惊悚",3,,,2020-04-13 21:51:47,
2297830897,王国 第二季,,https://img9.doubanio.com/view/photo/m_ratio_poster/public/p2587671506.jpg,2020-03-13(韩国),https://movie.douban.com/subject/30306401/,8.3,"剧情,恐怖,古装",4,,,2020-03-20 19:43:38,
2228119106,僵尸世界大战,,https://img2.doubanio.com/view/photo/m_ratio_poster/public/p2119276553.jpg,2013-06-02(伦敦首映),https://movie.douban.com/subject/2132473/,7.6,"动作,科幻,恐怖",4,,,2020-02-22 18:16:29,
2219123767,硅谷 第六季,,https://img9.doubanio.com/view/photo/m_ratio_poster/public/p2571694925.jpg,2019-10-27(美国),https://movie.douban.com/subject/30194648/,9.4,喜剧,5,,,2020-02-19 16:50:52,
2218385621,隧道,,https://img2.doubanio.com/view/photo/m_ratio_poster/public/p2370318863.jpg,2016-08-10(韩国),https://movie.douban.com/subject/26410594/,7.9,剧情,3,,,2020-02-19 11:23:13,
2217171010,传染病,,https://img9.doubanio.com/view/photo/m_ratio_poster/public/p1213203384.jpg,2011-09-03(威尼斯电影节),https://movie.douban.com/subject/4301043/,7.1,"剧情,科幻,惊悚",5,,,2020-02-18 22:09:09,
2216270109,王国 第一季,,https://img1.doubanio.com/view/photo/m_ratio_poster/public/p2542945898.jpg,2019-01-25(韩国),https://movie.douban.com/subject/26947951/,8.6,"剧情,恐怖,古装",4,,,2020-02-18 16:35:01,
2214798373,血疫 第一季,,https://img2.doubanio.com/view/photo/m_ratio_poster/public/p2553373343.jpg,2019-05-27(美国),https://movie.douban.com/subject/26581181/,8.1,"剧情,惊悚",5,,,2020-02-18 00:20:01,
2213696500,白夜追凶,,https://img1.doubanio.com/view/photo/m_ratio_poster/public/p2483150767.jpg,2017-08-30(中国大陆),https://movie.douban.com/subject/26883064/,8.9,"剧情,悬疑,犯罪",5,,,2020-02-17 18:45:04,
2213695102,权力的游戏 第八季,,https://img9.doubanio.com/view/photo/m_ratio_poster/public/p2553679104.jpg,2019-04-14(美国),https://movie.douban.com/subject/26584183/,6.1,"剧情,奇幻,冒险",3,,,2020-02-17 18:44:30,
2213687271,曼达洛人 第一季,,https://img9.doubanio.com/view/photo/m_ratio_poster/public/p2566627804.jpg,2019-11-12(美国),https://movie.douban.com/subject/30344167/,9.2,"科幻,奇幻",5,,,2020-02-17 18:41:28,
2212643036,信号,,https://img1.doubanio.com/view/photo/m_ratio_poster/public/p2304228229.jpg,2016-01-22(韩国),https://movie.douban.com/subject/26310143/,9.2,"剧情,悬疑,犯罪",5,,,2020-02-17 11:14:17,
2211771072,寄生虫,,https://img1.doubanio.com/view/photo/m_ratio_poster/public/p2561439800.jpg,2019-05-21(戛纳电影节),https://movie.douban.com/subject/27010768/,8.8,剧情,5,,,2020-02-17 00:12:34,
2211769069,相对宇宙 第二季,,https://img9.doubanio.com/view/photo/m_ratio_poster/public/p2537095266.jpg,2018-12-09(美国),https://movie.douban.com/subject/30188053/,9.1,"剧情,科幻,惊悚",5,,,2020-02-17 00:12:02,
2211768039,相对宇宙 第一季,,https://img2.doubanio.com/view/photo/m_ratio_poster/public/p2506488961.jpg,2017-12-10(美国),https://movie.douban.com/subject/26474254/,8.5,"剧情,科幻,惊悚",5,,,2020-02-17 00:11:41,
2211766602,心灵猎人 第二季,,https://img1.doubanio.com/view/photo/m_ratio_poster/public/p2565381508.jpg,2019-08-16(美国),https://movie.douban.com/subject/27008551/,8.8,"剧情,惊悚,犯罪",5,,,2020-02-17 00:11:14,
2211766092,心灵猎人 第一季,,https://img9.doubanio.com/view/photo/m_ratio_poster/public/p2502557574.jpg,2017-10-13(美国),https://movie.douban.com/subject/26691486/,9,"剧情,惊悚,犯罪",5,,,2020-02-17 00:11:06,
2211763653,毒枭：墨西哥 第一季,,https://img1.doubanio.com/view/photo/m_ratio_poster/public/p2537376179.jpg,2018-11-16(美国),https://movie.douban.com/subject/26869686/,9.1,"剧情,动作,犯罪",5,,,2020-02-17 00:10:22,
2211761121,毒枭：墨西哥 第二季,,https://img1.doubanio.com/view/photo/m_ratio_poster/public/p2582588237.jpg,2020-02-13(美国),https://movie.douban.com/subject/30395836/,9,"剧情,动作,犯罪",5,,,2020-02-17 00:09:37,
2211755382,我们与恶的距离,,https://img9.doubanio.com/view/photo/m_ratio_poster/public/p2554916825.jpg,2019-03-24(中国台湾),https://movie.douban.com/subject/30181230/,9.4,剧情,5,,,2020-02-17 00:08:00,
2128641490,非诚勿扰2,,https://img2.doubanio.com/view/photo/m_ratio_poster/public/p725272302.jpg,2010-12-22(中国大陆),https://movie.douban.com/subject/4271894/,6.6,"喜剧,爱情",,,,2020-01-10 10:28:56,
2128641284,致我们终将逝去的青春,,https://img1.doubanio.com/view/photo/m_ratio_poster/public/p1935067049.jpg,2013-04-26(中国大陆),https://movie.douban.com/subject/6973376/,6.5,"剧情,爱情",,,,2020-01-10 10:28:43,
2128641252,失恋33天,,https://img9.doubanio.com/view/photo/m_ratio_poster/public/p1252876266.jpg,2011-11-08(中国大陆),https://movie.douban.com/subject/4873490/,7.2,"剧情,爱情",,,,2020-01-10 10:28:40,
2128640985,延禧攻略,,https://img2.doubanio.com/view/photo/m_ratio_poster/public/p2509891341.jpg,2018-07-19(中国大陆),https://movie.douban.com/subject/26999852/,7.1,"剧情,爱情,古装",5,,,2020-01-10 10:28:21,
617017961,人再囧途之泰囧,,https://img2.doubanio.com/view/photo/m_ratio_poster/public/p1793720172.jpg,2012-12-12(中国大陆),https://movie.douban.com/subject/10574622/,7.5,喜剧,5,没什么说的，去电影院就对了~~,"喜剧,搞笑,2012,贺岁,泰国,恶搞,温情,公路,冒险,励志",2012-12-16 23:28:38,